ID,First Name,Last Name,Sex,Job Title
1,Shelby,Terrell,Male,Games developer
2,Phillip,Summers,Female,Phytotherapist
3,Kristine,Travis,Male,Homeopath
4,Yesenia,Martinez,Male,Market researcher
5,Lori,Todd,Male,Veterinary surgeon
6,Erin,Day,Male,Waste management officer
7,Katherine,Buck,Female,Intelligence analyst
8,Ricardo,Hinton,Male,Hydrogeologist
9,Dave,Farrell,Male,Lawyer
10,Isaiah,Downs,Male,"Engineer, site"
11,Sheila,Ross,Female,Advertising account executive
12,Stacy,Newton,Male,Warden/ranger
13,Mandy,Blake,Male,Scientist
14,Bridget,Nash,Female,Social worker
